{
  "CID": 0.41471541353449193,
  "COLLOR": 0.8606811353586936,
  "DEM": 0.9529980002385084,
  "DILMA": 0.3061311374981564,
  "FHC": 0.6242923794006268,
  "ITAMAR": 0.598877731146477,
  "LULA": 0.30665911481146113,
  "MDB": 0.6258839916710591,
  "PCDOB": 0.13385625321467634,
  "PDT": 0.3511117665219997,
  "PL": 0.7482627732645828,
  "PP": 0.85537875929411,
  "PSB": 0.30216423802132986,
  "PSD": 0.7291978248168288,
  "PSDB": 0.6471704647737184,
  "PSOL": 0.014736693109383397,
  "PT": 0.24705831345993326,
  "PTB": 0.702387282577877,
  "PV": 0.4078374606006261,
  "SARNEY": 0.7970864089242041
}