{
  "CID": 0.46186182239103907,
  "COLLOR": 0.8002976132836072,
  "DEM": 0.9239753624044893,
  "DILMA": 0.2608143679078592,
  "FHC": 0.7020632271543801,
  "ITAMAR": 0.6340752760894454,
  "LULA": 0.26450207548737026,
  "MDB": 0.7357117256556097,
  "PCDOB": 0.1373676542316394,
  "PDT": 0.3146920981705201,
  "PL": 0.7617954319226131,
  "PODE": 0.6737467811580231,
  "PP": 0.8375684669054684,
  "PROS": 0.5410002781419567,
  "PSB": 0.43945413631662583,
  "PSC": 0.8186101615870962,
  "PSD": 0.7430449801226295,
  "PSDB": 0.784637337917223,
  "PSOL": 0.05161586286904893,
  "PT": 0.17443872151551235,
  "PTB": 0.6356341034307539,
  "PV": 0.49367956867295937,
  "REDE": 0.23462291464668472,
  "REP": 0.7566091125609565,
  "SARNEY": 0.7664241972093544,
  "SD": 0.6120739021960461,
  "TEMER": 0.8206512428629963
}