{
  "CID": 0.4287953919623003,
  "DEM": 0.8688396516067097,
  "MDB": 0.5591145228179076,
  "PCDOB": 0.14037435232950976,
  "PDT": 0.33081835183170144,
  "PL": 0.7050413912021896,
  "PP": 0.8116582148379821,
  "PSB": 0.2690406774996814,
  "PSDB": 0.5769502850134833,
  "PSOL": 0.01967681277616563,
  "PT": 0.24550840237132324,
  "PTB": 0.6774635630087031,
  "PV": 0.38826824380494385
}