Quartil,N_Municipios,N_Tratados,ATT,SE,P_valor,IC_95_lower,IC_95_upper,Significancia
Q1 (Baixo PIB),1246,1238,-0.003343233824853349,0.0024487268389462758,0.172160437714192,-0.00814273842918805,0.0014562707794813518,
Q2 (Médio-Baixo),1541,1512,6.202135822045067e-5,0.0015986402268545518,0.9690527786352215,-0.0030713134864144708,0.0031953562028553717,
Q3 (Médio-Alto),1643,1614,-0.009867700402253583,0.004067980013000072,0.015278881202805175,-0.017840941227733723,-0.0018944595767734426,*
Q4 (Alto PIB),1391,1367,-0.001732178168243285,0.002297253065523274,0.4508363207450418,-0.006234794176668902,0.0027704378401823323,
